Commit,Year,Month,Date,Total Lines,Largest File
7e262a0b77008cd38690f2745b6588384db06a00,2017,03,2017-03-28,1864,web/sites/default/settings.php
81e8fc436caf476b2fd058ca98e5d6f3b1945c17,2017,04,2017-04-03,4119,web/sites/default/settings.php
ebb5f828f27ffbf3de863f14a7b29ec13277bc47,2017,05,2017-05-01,13433,web/sites/default/settings.php
acded1362f924006044c575b303728bc14e82092,2017,06,2017-06-01,17785,web/themes/ekw/src/assets/toolkit/styles/components/_navbar.scss
77d03bca47eba9536cbed38e08009db8a8b0a59e,2017,07,2017-07-05,22902,web/themes/ekw/src/assets/toolkit/styles/components/_navbar.scss
143a0e117a84481ddc8a84f16216ef9d79af711b,2017,08,2017-08-02,24588,web/themes/ekw/src/assets/toolkit/styles/components/_navbar.scss
811587f050193f5789a909282de67ac3a49d4894,2017,09,2017-09-02,29086,web/themes/ekw/src/assets/toolkit/styles/components/_navbar.scss
353fb8e0e0a2051c7731f703bf200b7747294961,2017,10,2017-10-02,31580,web/themes/ekw/src/assets/toolkit/styles/components/_navbar.scss
c3b1f0337fe753d2bf8acfa373a2495e5ad94cfb,2017,09,2017-09-19,31626,web/themes/ekw/src/assets/toolkit/styles/components/_navbar.scss
33ea2cde258504035c08755d299030ce8055fd87,2017,10,2017-10-02,31751,web/themes/ekw/src/assets/toolkit/styles/components/_navbar.scss
3f86fbf939af26cc66ed54828231e886206fd2f4,2017,11,2017-11-01,33672,web/themes/ekw/src/assets/toolkit/styles/components/_navbar.scss
e1792e6003d75bea15182eb1d9cfefd1514f20da,2017,12,2017-12-04,35121,web/themes/ekw/src/assets/toolkit/styles/components/_navbar.scss
c1eafd3bf83f81aef296f903d0958355c19abcab,2018,01,2018-01-11,35754,web/themes/ekw/src/assets/toolkit/styles/components/_navbar.scss
5e248940234dfbd90d5aeaaae311ce1c8b249622,2018,02,2018-02-07,36219,web/themes/ekw/src/assets/toolkit/styles/components/_navbar.scss
871ee2b38abbdc27a6a9c235b87f8183bcb02501,2018,03,2018-03-01,39701,web/themes/ekw/src/assets/toolkit/styles/components/_navbar.scss
18654cb06386997e637a217cf80650122cdccdf6,2018,04,2018-04-03,41651,web/themes/ekw/src/assets/toolkit/styles/components/_navbar.scss
93b8fe25faadece7c6a3934cbc621a86708e765b,2018,05,2018-05-07,42525,web/themes/ekw/src/assets/toolkit/styles/components/_navbar.scss
07f1bc6f8792996eff57492f3a160cf267438805,2018,06,2018-06-01,43922,web/themes/ekw/src/assets/toolkit/styles/components/_navbar.scss
48bea57f57b8d81f356e4d9cfe19e98846663ec5,2018,07,2018-07-19,43991,web/themes/ekw/src/assets/toolkit/styles/components/_navbar.scss
03530200e1a1c59927cc23fb31dc259b998e287a,2018,08,2018-08-01,44064,web/themes/ekw/src/assets/toolkit/styles/components/_navbar.scss
28d05c4a82a0b92d5f705559f304f0031c0fa6bd,2018,09,2018-09-04,44002,web/themes/ekw/src/assets/toolkit/styles/components/_navbar.scss
1c3b2f3718140f086c4b859b038764b10e83135b,2018,10,2018-10-02,37240,web/modules/custom/ekw_rest_api/src/Plugin/rest/resource/JobSearch.php
141051e3fb5c11cb4961c24b70e86a8566fb09a0,2018,11,2018-11-01,40533,web/modules/custom/ekw_rest_api/src/Plugin/rest/resource/JobSearch.php
a1a6e9c029682ecff4a1f24372c048a623cb670c,2018,12,2018-12-05,42733,web/sites/default/settings.php
b6a4eb8407de0ed7c6c98ad86990b0334f6c1c9d,2019,01,2019-01-02,41406,web/sites/default/settings.php
96d78e7a021ae54f1b27bb441ab3360b8cd543bd,2019,02,2019-02-04,41571,web/sites/default/settings.php
a37222b6f8217a1ac5afa542d3ebee44347faf8a,2019,03,2019-03-01,46065,web/sites/default/default.settings.php
1c808e415c3c397d1a969a70deecf569d80970e7,2019,04,2019-04-03,48121,web/sites/default/default.settings.php
c711e6458b2cb5df2d528ce545e58f0883be31fb,2019,05,2019-05-02,48803,web/sites/default/default.settings.php
fad67fb5f4fffc4fff8ab78bc6d8f6e9bfe8b992,2019,06,2019-06-05,49131,web/sites/default/default.settings.php
43bdbd05062280c1c718658de5ea386a1ecb80af,2019,07,2019-07-01,49751,web/sites/default/default.settings.php
2be7e7eaa3d15d4c4a86dd6baa9e025dbef4a0bf,2019,08,2019-08-05,50971,web/sites/default/default.settings.php
fae1b95936c4d5149650e1203184ac0a817adb97,2019,07,2019-07-11,50971,web/sites/default/default.settings.php
b61061a68f4bf2a99d73bbd1247f5a60b9830b34,2019,08,2019-08-05,50971,web/sites/default/default.settings.php
e54c76c8ea5602d55bbbbe24b39b6fd058f3286b,2019,09,2019-09-02,51107,web/sites/default/default.settings.php
42bd957497286a4a272809afd57722af4a62f379,2019,10,2019-10-01,51297,web/sites/default/default.settings.php
923b9b28fd7185353bc112f66f3aaad0b2d3013b,2019,09,2019-09-16,51544,web/sites/default/default.settings.php
6f1950d6cfc5f647c233a416eba4211a7575161d,2019,10,2019-10-15,51544,web/sites/default/default.settings.php
c9ea3dd08d19313311b4fed5d1eb54ccb6c769de,2019,11,2019-11-04,54522,web/sites/default/default.settings.php
2ccd972c1148a5788f4040196674052ece2b541e,2019,12,2019-12-02,54545,web/sites/default/default.settings.php
96073601297d4ea325f5d069ec64f5f298107e7e,2019,11,2019-11-29,55670,web/sites/default/default.settings.php
2c6540c5496a92048e58d15689f5d75f593c6192,2019,12,2019-12-11,55747,web/sites/default/default.settings.php
1e13df18bba36e8dbd3e8466d76f771055166abb,2020,01,2020-01-06,55747,web/sites/default/default.settings.php
4ef227a6f8ee40c5c31a219f2b7436b6ff28cbe3,2020,02,2020-02-03,61991,web/sites/default/default.settings.php
625e44dfa73ddaa7a0b0f60cbda107414b552e1a,2020,03,2020-03-03,63794,web/sites/default/default.settings.php
5dda6a406227ca23d2098a8a094ca9dc69862155,2020,04,2020-04-01,64185,web/sites/default/default.settings.php
2306312389e56a94e4cd33fb8d9a8f1dcf9f1100,2020,05,2020-05-05,64183,web/sites/default/default.settings.php
e9315cb47f1df741a95eba5cec60f0a4d1529411,2020,06,2020-06-17,64163,web/sites/default/default.settings.php
424dd6722457fd53b8132fc535dad9813d225c9c,2020,07,2020-07-07,59068,web/sites/default/default.settings.php
afaad8c8174335f6d3524df5707b8c736a652b4f,2020,08,2020-08-03,59282,web/sites/default/default.settings.php
070eee48d8b639483d458c075e5ff859bfd7ce24,2020,07,2020-07-28,59093,web/sites/default/default.settings.php
76799008e6d2e3ea1edb25a497d07eef736d34f6,2020,08,2020-08-07,59417,web/sites/default/default.settings.php
0a622935d23306dcff60f167f6754252982f4d32,2020,09,2020-09-01,59572,web/sites/default/default.settings.php
246e39dcbcfcee00b886cfbba10f365cee0195c5,2020,08,2020-08-07,59417,web/sites/default/default.settings.php
34d47db03bc29511c43dd2629c7badf1b35d318b,2020,09,2020-09-22,59417,web/sites/default/default.settings.php
c1d8c994ee5dbffb2798b5f6a57ac19a2fb9a51e,2020,10,2020-10-01,57085,web/sites/default/default.settings.php
2f7aca47fce6e40302a964f60cac57ea11be920e,2020,09,2020-09-24,60586,web/sites/default/default.settings.php
a33bc5722a0464a3a9eb6e9481c5db5623fc7d1a,2020,10,2020-10-01,56795,web/sites/default/default.settings.php
26e4ac05f916a32f321efb0deccf0b8955bcc552,2020,11,2020-11-02,57625,web/sites/default/default.settings.php
53eb0df9af64dabe4dc624bbffcef1aafa08d7df,2020,12,2020-12-01,57148,web/sites/default/default.settings.php
69a7af34a7c69fa213b8bf5d6b72abcae29f1e69,2020,11,2020-11-23,57148,web/sites/default/default.settings.php
c8b9ff21eaa19930ec85f65a777cd8cfc7187a84,2020,12,2020-12-01,57155,web/sites/default/default.settings.php
bc6c63dd07060800e8f805acea7862fb94ac387b,2020,11,2020-11-30,57155,web/sites/default/default.settings.php
5fd4404d51585fcc1442717dfd4846990104b093,2020,12,2020-12-01,57291,web/sites/default/default.settings.php
93d5c92a38d802d5308afc9fcf530b41af171f7e,2021,01,2021-01-13,58688,web/sites/default/default.settings.php
5dab69775d623ddb602a4802b21b7af972c73518,2021,02,2021-02-01,58913,web/sites/default/default.settings.php
9361005630af58c1dc6b05df04e517b6a02486b0,2021,03,2021-03-01,59476,web/sites/default/default.settings.php
a484245a6fd7fe5998da44d34730cc5d6da269c5,2021,02,2021-02-18,58982,web/sites/default/default.settings.php
028ac04f6a018b31761f9560e763de0cda9a31bf,2021,03,2021-03-02,58982,web/sites/default/default.settings.php
1d873d116374e6d005377fc669500de0d9fd35f8,2021,04,2021-04-01,63171,web/sites/default/default.settings.php
b2c9acaacaf12a20be01bf8313fe2be8f5341362,2021,05,2021-05-03,64612,web/sites/default/default.settings.php
971478fcbdeef9dacc05753ae577cdd665e13ef3,2021,06,2021-06-01,67427,web/modules/custom/ekw_jam_channels/src/Feed/JobChannel/JobsCh/XmlModel/Inserat.php
01becf35565d8c70282402b2ebdcc7895f657f93,2021,05,2021-05-28,67443,web/modules/custom/ekw_jam_channels/src/Feed/JobChannel/JobsCh/XmlModel/Inserat.php
fb1d8d288e8beb9a30a41a1c2f6ae3cf7f07b1b4,2021,06,2021-06-02,67454,web/modules/custom/ekw_jam_channels/src/Feed/JobChannel/JobsCh/XmlModel/Inserat.php
a6988c4c163a0f8ea1b8b94c18438eebec7b0015,2021,07,2021-07-01,72103,web/modules/custom/ekw_jam_channels/src/Feed/JobChannel/JobUpCh/XmlModel/Annonce.php
6e5ef59b77f82cceb3a2ac55e271b6b7bcb63c07,2021,08,2021-08-02,74800,web/modules/custom/ekw_jam_channels/src/Feed/JobChannel/JobUpCh/XmlModel/Annonce.php
2961b74d396e7ac09d91629e18a5bde7cdb0dc24,2021,09,2021-09-07,75159,docroot/modules/custom/ekw_jam_channels/src/Feed/JobChannel/JobUpCh/XmlModel/Annonce.php
44be2c5c7d4f16eb9fdbbe0264dc33accc4cae9f,2021,10,2021-10-01,76070,docroot/modules/custom/ekw_jam_channels/src/Feed/JobChannel/JobUpCh/XmlModel/Annonce.php
54149dc69390ed230afe2d6cd754efdf4348fa83,2021,11,2021-11-01,76389,docroot/modules/custom/ekw_jam_channels/src/Feed/JobChannel/JobUpCh/XmlModel/Annonce.php
303f4528e0b0184da3157d8d640ca0fd57ef9679,2021,12,2021-12-01,83027,docroot/modules/custom/ekw_jam_channels/src/Feed/JobChannel/JobUpCh/XmlModel/Annonce.php
2b41404e947319a7b8940801b197bec5bb2556d5,2022,01,2022-01-04,81421,docroot/modules/custom/ekw_jam_channels/src/Feed/JobChannel/JobUpCh/XmlModel/Annonce.php
a48a0dc2fe089882962819118e658ba731dbaceb,2022,02,2022-02-01,82515,docroot/modules/custom/ekw_jam_channels/src/Feed/JobChannel/JobUpCh/XmlModel/Annonce.php
5d1b1059003d330a6288607a5997e3b15eee41f8,2022,03,2022-03-02,81791,docroot/modules/custom/ekw_jam_channels/src/Feed/JobChannel/JobUpCh/XmlModel/Annonce.php
d111d7a897a6e37d2463f165ed4efcb9c4e06cf1,2022,04,2022-04-01,82216,docroot/modules/custom/ekw_jam_channels/src/Feed/JobChannel/JobUpCh/XmlModel/Annonce.php
899a033a14b31138cbb7c7fa5b36e17838db95ee,2022,03,2022-03-17,82174,docroot/modules/custom/ekw_jam_channels/src/Feed/JobChannel/JobUpCh/XmlModel/Annonce.php
5881b47a23a1ae74c522ef2aebfa4d1c91e0d3d0,2022,04,2022-04-11,82200,docroot/modules/custom/ekw_jam_channels/src/Feed/JobChannel/JobUpCh/XmlModel/Annonce.php
29c86bd60080900cdfbe327a91bc5bf01e950b88,2022,03,2022-03-15,82197,docroot/modules/custom/ekw_jam_channels/src/Feed/JobChannel/JobUpCh/XmlModel/Annonce.php
7085f1743f4b14afc2f527dc345ed35013b7a0b6,2022,04,2022-04-04,82038,docroot/modules/custom/ekw_jam_channels/src/Feed/JobChannel/JobUpCh/XmlModel/Annonce.php
f53fafc0a706174b693575f2e0eb83b036b9c717,2022,03,2022-03-21,82038,docroot/modules/custom/ekw_jam_channels/src/Feed/JobChannel/JobUpCh/XmlModel/Annonce.php
0f19b5c58c7d53895aa8f980dd2f045902ab5385,2022,04,2022-04-19,82294,docroot/modules/custom/ekw_jam_channels/src/Feed/JobChannel/JobUpCh/XmlModel/Annonce.php
881c5a7ea6731581f2460918fc4d3d7ccc8835a3,2022,03,2022-03-31,82220,docroot/modules/custom/ekw_jam_channels/src/Feed/JobChannel/JobUpCh/XmlModel/Annonce.php
6ef07052faef5beb9852445aaad94b40943d8074,2022,04,2022-04-29,82250,docroot/modules/custom/ekw_jam_channels/src/Feed/JobChannel/JobUpCh/XmlModel/Annonce.php
9d023418140a10ff86ddfb6ff6b75d76b0235185,2022,05,2022-05-02,80360,docroot/modules/custom/ekw_jam_channels/src/Feed/JobChannel/JobUpCh/XmlModel/Annonce.php
77116f9da9beace9adca459ec7827d87f6a19967,2022,04,2022-04-28,80509,docroot/modules/custom/ekw_jam_channels/src/Feed/JobChannel/JobUpCh/XmlModel/Annonce.php
6d423d59f417aea303a01a33634797f896a4afd6,2022,05,2022-05-02,76077,docroot/themes/custom/ekw/src/vue/components/Search/Widgets/Facets/util/tree/tree.spec.js
37dd43d41decde6256bd534dfbb26aae35e94af6,2022,06,2022-06-02,76306,docroot/themes/custom/ekw/src/vue/components/Search/Widgets/Facets/util/tree/tree.spec.js
6b5fec4ded872ccdb021b9dd6c4d9f7d1820d804,2022,05,2022-05-30,76310,docroot/themes/custom/ekw/src/vue/components/Search/Widgets/Facets/util/tree/tree.spec.js
6e2f44dbe8d1f1f1feca39b88008e34413867ef7,2022,06,2022-06-01,76269,docroot/themes/custom/ekw/src/vue/components/Search/Widgets/Facets/util/tree/tree.spec.js
0dbedb95c01feac3789a9ffcf169de3e44707e68,2022,07,2022-07-05,76658,docroot/themes/custom/ekw/src/vue/components/Search/Widgets/Facets/util/tree/tree.spec.js
8951eee5503ee0e366ca1f194afb5812c6bf0bbe,2022,08,2022-08-01,76605,docroot/themes/custom/ekw/src/vue/components/Search/Widgets/Facets/util/tree/tree.spec.js
28a029ab30a3dde0ffa92eb13727f414dc0de671,2022,09,2022-09-05,77717,docroot/themes/custom/ekw/src/vue/components/Search/Widgets/Facets/util/tree/tree.spec.js
1e270a78065b5b5040ebfb9dda2e4ddea7f7f172,2022,08,2022-08-25,77320,docroot/themes/custom/ekw/src/vue/components/Search/Widgets/Facets/util/tree/tree.spec.js
14006232a000f29e183c34a4ec3e2e1987bdffce,2022,09,2022-09-12,77320,docroot/themes/custom/ekw/src/vue/components/Search/Widgets/Facets/util/tree/tree.spec.js
8e021810a1b52b2574ec0dd4c47ab877972d3a99,2022,10,2022-10-01,77403,docroot/themes/custom/ekw/src/vue/components/Search/Widgets/Facets/util/tree/tree.spec.js
32b1c6fdfcf681e3cf9b32e3055e1880afff40da,2022,08,2022-08-17,78990,docroot/themes/custom/ekw/src/vue/components/Search/Widgets/Facets/util/tree/tree.spec.js
9488ce2692bbbf1a20f99097cc24368792350f42,2022,10,2022-10-25,79110,docroot/themes/custom/ekw/src/vue/components/Search/Widgets/Facets/util/tree/tree.spec.js
736131de4d185766792f4c51e1432d48fcc314e5,2022,11,2022-11-07,78991,docroot/themes/custom/ekw/src/vue/components/Search/Widgets/Facets/util/tree/tree.spec.js
d7558f151ed35fda1229288cff19598de012e662,2022,10,2022-10-19,79290,docroot/themes/custom/ekw/src/vue/components/Search/Widgets/Facets/util/tree/tree.spec.js
6a5541247465d2a88b933f83c9488b608e24da76,2022,11,2022-11-19,79318,docroot/themes/custom/ekw/src/vue/components/Search/Widgets/Facets/util/tree/tree.spec.js
6bdee2649541aa9bc8c48cba36b4b3a40c1a55b7,2022,12,2022-12-01,79342,docroot/themes/custom/ekw/src/vue/components/Search/Widgets/Facets/util/tree/tree.spec.js
7dd7a595ac23a5cdbd0ddc79f166bb54beec96f1,2022,10,2022-10-19,79456,docroot/themes/custom/ekw/src/vue/components/Search/Widgets/Facets/util/tree/tree.spec.js
5c8e83fd8c475ba4fba3689ac104dc6f08c06b16,2022,12,2022-12-05,79515,docroot/themes/custom/ekw/src/vue/components/Search/Widgets/Facets/util/tree/tree.spec.js
1c8ac63efe9d24fa06baa09bb9f9498c02e6e26c,2023,01,2023-01-01,81438,docroot/themes/custom/ekw/src/vue/components/Search/Widgets/Facets/util/tree/tree.spec.js
310599093a4f1c6aeb739dd343dabc86b8285440,2023,02,2023-02-01,82708,docroot/themes/custom/ekw/src/vue/components/Search/Widgets/Facets/util/tree/tree.spec.js
73a4d71b28c79b7cb83d8a4631ee46eaa4a65392,2023,01,2023-01-18,79783,docroot/themes/custom/ekw/src/vue/components/Search/Widgets/Facets/util/tree/tree.spec.js
4b8f36059fdb7a6ca4455c05150bb14934b7d367,2023,02,2023-02-02,79783,docroot/themes/custom/ekw/src/vue/components/Search/Widgets/Facets/util/tree/tree.spec.js
86714542cac391a3397e44cfe5d5ce92034a3eb3,2022,12,2022-12-07,82832,docroot/themes/custom/ekw/src/vue/components/Search/Widgets/Facets/util/tree/tree.spec.js
ace88bc128d971c7b7e168ef9e985ffc8381b759,2023,02,2023-02-28,82832,docroot/themes/custom/ekw/src/vue/components/Search/Widgets/Facets/util/tree/tree.spec.js
e0daac81a3d371dee56d0526bff4c65d41d57885,2023,01,2023-01-04,82864,docroot/themes/custom/ekw/src/vue/components/Search/Widgets/Facets/util/tree/tree.spec.js
f2c63942bfd2f060412190120826aba7ac160f52,2023,02,2023-02-27,82702,docroot/themes/custom/ekw/src/vue/components/Search/Widgets/Facets/util/tree/tree.spec.js
577bdb31fc805afd12fba26a12061dbc3ab5ccf2,2023,03,2023-03-02,80328,docroot/themes/custom/ekw/src/vue/components/Search/Widgets/Facets/util/tree/tree.spec.js
f4052bf6f6ffe4e4e252c919ca42b30cbae1d51e,2023,01,2023-01-16,80328,docroot/themes/custom/ekw/src/vue/components/Search/Widgets/Facets/util/tree/tree.spec.js
0a6d2bb3536a49dbd61fdc3581b31d2201f864ce,2023,03,2023-03-06,80328,docroot/themes/custom/ekw/src/vue/components/Search/Widgets/Facets/util/tree/tree.spec.js
ebff5fe4436b2b5eaee98418fd70c14258e7f7ae,2023,01,2023-01-18,80328,docroot/themes/custom/ekw/src/vue/components/Search/Widgets/Facets/util/tree/tree.spec.js
83220ab0048539ec09e0498dd875c247c2dd320f,2023,02,2023-02-02,80328,docroot/themes/custom/ekw/src/vue/components/Search/Widgets/Facets/util/tree/tree.spec.js
c944a05370fa2ae2396307d2b0783c30a311c688,2023,03,2023-03-06,80328,docroot/themes/custom/ekw/src/vue/components/Search/Widgets/Facets/util/tree/tree.spec.js
f5a92799659c545f97f8f7b6940bc022bcb2d8c0,2023,02,2023-02-16,80328,docroot/themes/custom/ekw/src/vue/components/Search/Widgets/Facets/util/tree/tree.spec.js
6d44a385e7b8ca1c3d5be76abe92b3ff3e00ea5a,2023,03,2023-03-02,80328,docroot/themes/custom/ekw/src/vue/components/Search/Widgets/Facets/util/tree/tree.spec.js
1f235e8c8d51e3e874a9b43205f857dcbdad66ef,2023,01,2023-01-16,82679,docroot/themes/custom/ekw/src/vue/components/Search/Widgets/Facets/util/tree/tree.spec.js
588d201df9254444f66143e1e3d59ad6d33eb778,2023,03,2023-03-10,82679,docroot/themes/custom/ekw/src/vue/components/Search/Widgets/Facets/util/tree/tree.spec.js
9db32e06de2aea3b1066326166799a5dc3e079e8,2022,12,2022-12-05,80307,docroot/themes/custom/ekw/src/vue/components/Search/Widgets/Facets/util/tree/tree.spec.js
2405be8d6cd30fe58898af3befad7ff84fa01b2f,2023,01,2023-01-02,80418,docroot/themes/custom/ekw/src/vue/components/Search/Widgets/Facets/util/tree/tree.spec.js
b7abf7d82b39d87a63e3a44452a786515f5b5edc,2023,03,2023-03-15,80417,docroot/themes/custom/ekw/src/vue/components/Search/Widgets/Facets/util/tree/tree.spec.js
e031235e908a848d2822caece8fcf02a158cbbeb,2023,01,2023-01-31,83911,docroot/themes/custom/ekw/src/vue/components/Search/Widgets/Facets/util/tree/tree.spec.js
c5c306e4fe2aa99be9701e3babdfc8b0274255cc,2023,03,2023-03-28,83963,docroot/themes/custom/ekw/src/vue/components/Search/Widgets/Facets/util/tree/tree.spec.js
b78ea03435a081ba4886706d8086e7e3e26f83ae,2023,04,2023-04-03,84272,docroot/themes/custom/ekw/src/vue/components/Search/Widgets/Facets/util/tree/tree.spec.js
abfeb55acc843c1d56da875ab66d004ee4d63cda,2023,05,2023-05-02,84619,docroot/themes/custom/ekw/src/vue/components/Search/Widgets/Facets/util/tree/tree.spec.js
84b7cec5f4341f4a79fdf70c5c8e2d77eb68dd64,2023,06,2023-06-01,84673,docroot/themes/custom/ekw/src/vue/components/Search/Widgets/Facets/util/tree/tree.spec.js
2545cabfb25927e801c3e7484c790de5c928bb97,2023,07,2023-07-06,85827,docroot/themes/custom/ekw/src/vue/components/Search/Widgets/Facets/util/tree/tree.spec.js
e54067547842d9a6f0f1950b96dfad60c8c8f61c,2023,08,2023-08-17,85870,docroot/themes/custom/ekw/src/vue/components/Search/Widgets/Facets/util/tree/tree.spec.js
5d9dc2d94b57b240c4777eeb8ce525194db94a5d,2023,07,2023-07-12,85870,docroot/themes/custom/ekw/src/vue/components/Search/Widgets/Facets/util/tree/tree.spec.js
4962a0768083789a1b4ade1f03b8be253bca3142,2023,08,2023-08-16,85870,docroot/themes/custom/ekw/src/vue/components/Search/Widgets/Facets/util/tree/tree.spec.js
b1a72905f5d57dd172769fdff72a7c21ce6a0edf,2023,09,2023-09-01,85870,docroot/themes/custom/ekw/src/vue/components/Search/Widgets/Facets/util/tree/tree.spec.js
f5f3639ab75dee75fecf7a265b2664d9fcc597d6,2023,10,2023-10-02,86263,docroot/themes/custom/ekw/src/vue/components/Search/Widgets/Facets/util/tree/tree.spec.js
179df2bbf747c2421236cf8482b719bca40d3ff6,2023,09,2023-09-20,86066,docroot/themes/custom/ekw/src/vue/components/Search/Widgets/Facets/util/tree/tree.spec.js
dc7b33c77432966578e7a7b30ce6159364881806,2023,10,2023-10-10,89406,docroot/themes/custom/ekw/src/vue/components/Search/Widgets/Facets/util/tree/tree.spec.js
